<?xml version="1.0" encoding="UTF-8"?>

<?xml-stylesheet href="http://moise.sourceforge.net/xml/os.xsl" type="text/xsl" ?>

<organisational-specification 
    id="government_org"
    os-version="0.8"
  
    xmlns='http://moise.sourceforge.net/os'
    xmlns:xsi='http://www.w3.org/2001/XMLSchema-instance'
    xsi:schemaLocation='http://moise.sourceforge.net/os
                        http://moise.sourceforge.net/xml/os.xsd' >
    
<structural-specification>

<role-definitions>
    <role id="president" />
    <role id="citizen" />
</role-definitions>

<group-specification id="government_grp">
    <roles>
        <role id="president" min="0" max="1"/>
        <role id="citizen" min="1" max="100"/>
    </roles>
 
    <links>
       <link from="president" to="citizen" type="authority" scope="intra-group" bi-dir="false"/>
    </links>
    <formation-constraints>
       <compatibility from="citizen" to="president" />
    </formation-constraints>
</group-specification>
</structural-specification>

<!-- *** write the functional specification for taxes here
              the president charges taxes and after that all citizens
	      then have to pay *** -->

<normative-specification>
    <!-- 
       setup of how Moise properties (e.g. role compatibility) are handled (regimented or not)
       when value = "fail", ensures that the property is not broken (regiment the property)
       when value = "prohibition", violations are produced when the property is not followed by the agents
       
       possible properties are defined in https://github.com/moise-lang/moise/blob/master/src/main/java/ora4mas/nopl/tools/os2nopl.java
       
       some examples follows
    -->
    <!-- properties>
        <property id="default_management"  value="fail" /> 
        <property id="role_compatibility"  value="prohibition" />
        <property id="mission_cardinality" value="prohibition" />
    </properties-->
    
    <!-- the norms of the application -->
    <norm id="norm1" type="obligation" role="president" mission="charge_mission"/>
    <norm id="norm2" type="obligation" role="citizen" mission="pay_mission"/>
</normative-specification>

</organisational-specification>
