<?xml version="1.0" encoding="UTF-8"?>

<?xml-stylesheet href="http://moise.sourceforge.net/xml/os.xsl" type="text/xsl" ?>

<organisational-specification 
    id="election_org"
    os-version="0.8"
  
    xmlns='http://moise.sourceforge.net/os'
    xmlns:xsi='http://www.w3.org/2001/XMLSchema-instance'
    xsi:schemaLocation='http://moise.sourceforge.net/os
                        http://moise.sourceforge.net/xml/os.xsd' >
    
<structural-specification>

<role-definitions>
    <role id="officer" />
    <role id="candidate" />
    <role id="voter" />
</role-definitions>

<group-specification id="election_grp">
    <roles>
        <role id="officer" min="1" max="1"/>
        <role id="candidate" min="1" max="10"/>
        <role id="voter" min="1" max="10"/>
    </roles>
 </group-specification>
</structural-specification>

<functional-specification>
    <scheme id="voting_sch">
        <goal id="elect">
            <plan operator="sequence">
                <goal id="open"      ttf="2 minutes" ds="description goal2"/>
                <goal id="cast_vote" ttf="3 minutes"/>
                <goal id="close"/>
            </plan>
        </goal>

        <mission id="manage_mission" min="1" max="1">
            <goal id="open"/>
            <goal id="close"/>
        </mission>
        <mission id="voting_mission" min="2" max="10">
        	<goal id="cast_vote" />
        </mission>
    </scheme>
</functional-specification>

<normative-specification>
    <!-- 
       setup of how Moise properties (e.g. role compatibility) are handled (regimented or not)
       when value = "fail", ensures that the property is not broken (regiment the property)
       when value = "prohibition", violations are produced when the property is not followed by the agents
       
       possible properties are defined in https://github.com/moise-lang/moise/blob/master/src/main/java/ora4mas/nopl/tools/os2nopl.java
       
       some examples follows
    -->
    <!-- properties>
        <property id="default_management"  value="fail" /> 
        <property id="role_compatibility"  value="prohibition" />
        <property id="mission_cardinality" value="prohibition" />
    </properties-->
    
    <!-- the norms of the application -->
    <norm id="norm1" type="obligation" role="officer" mission="manage_mission"/>
    <norm id="norm2" type="obligation" role="voter" mission="voting_mission"/>
</normative-specification>

</organisational-specification>
